Department,Language
All departments,English
Research & Development,English
Quality Assurance,English
Corporate Information Systems,English
Technical Customer Support,English
Technical Documentation Development,English
Product Management,English
IT,English
Other,English
Finance,English
HR,English
Facilities,English
Purchasing,English
Legal,English
All departments,Russian
Research & Development,Russian
Quality Assurance,Russian
Corporate Information Systems,Russian
Technical Customer Support,Russian
Technical Documentation Development,Russian
Product Management,Russian
IT,Russian
Other,Russian
Finance,Russian
HR,Russian
Facilities,Russian
Purchasing,Russian
Legal,Russian
All departments,French
Research & Development,French
Quality Assurance,French
Corporate Information Systems,French
Technical Customer Support,French
Technical Documentation Development,French
Product Management,French
IT,French
Other,French
Finance,French
HR,French
Facilities,French
Purchasing,French
Legal,French
All departments,German
Research & Development,German
Quality Assurance,German
Corporate Information Systems,German
Technical Customer Support,German
Technical Documentation Development,German
Product Management,German
IT,German
Other,German
Finance,German
HR,German
Facilities,German
Purchasing,German
Legal,German
